{"cameraMode":{"drawMode":0,"name":"Shaded","section":"Shading Mode"},"sceneLighting":false,"audioPlay":false,"sceneViewState":{"m_AlwaysRefresh":false,"showFog":true,"showSkybox":false,"showFlares":true,"showImageEffects":true,"showParticleSystems":true,"showVisualEffectGraphs":true,"m_FxEnabled":true},"in2DMode":false,"pivot":{"x":-1.4211002588272095,"y":0.7684059143066406,"z":-2.009681224822998},"rotation":{"x":-0.0013107870472595096,"y":-0.9430909156799316,"z":0.3328733444213867,"w":-0.0036164652556180956},"size":4.013278007507324,"orthographic":false}