{"cameraMode":{"drawMode":0,"name":"Shaded","section":"Shading Mode"},"sceneLighting":false,"audioPlay":false,"sceneViewState":{"m_AlwaysRefresh":false,"showFog":true,"showSkybox":false,"showFlares":true,"showImageEffects":true,"showParticleSystems":true,"showVisualEffectGraphs":true,"m_FxEnabled":true},"in2DMode":false,"pivot":{"x":1.2403929233551026,"y":2.1200766563415529,"z":-4.715389728546143},"rotation":{"x":0.5407414436340332,"y":0.036970969289541247,"z":-0.023730894550681115,"w":0.8402814865112305},"size":3.0493903160095217,"orthographic":false}