{"cameraMode":{"drawMode":0,"name":"Shaded","section":"Shading Mode"},"sceneLighting":false,"audioPlay":false,"sceneViewState":{"m_AlwaysRefresh":false,"showFog":true,"showSkybox":false,"showFlares":true,"showImageEffects":true,"showParticleSystems":true,"showVisualEffectGraphs":true,"m_FxEnabled":true},"in2DMode":false,"pivot":{"x":1.0956791639328004,"y":1.4805688858032227,"z":-0.13561290502548219},"rotation":{"x":0.39817219972610476,"y":0.08411269634962082,"z":-0.03659921512007713,"w":0.9128246903419495},"size":2.7104244232177736,"orthographic":false}