{"cameraMode":{"drawMode":0,"name":"Shaded","section":"Shading Mode"},"sceneLighting":false,"audioPlay":false,"sceneViewState":{"m_AlwaysRefresh":false,"showFog":true,"showSkybox":false,"showFlares":true,"showImageEffects":true,"showParticleSystems":true,"showVisualEffectGraphs":true,"m_FxEnabled":true},"in2DMode":false,"pivot":{"x":0.7012878656387329,"y":0.9452512860298157,"z":0.8388851881027222},"rotation":{"x":-0.06844527274370194,"y":0.9103870391845703,"z":-0.16736409068107606,"w":-0.3723287880420685},"size":2.2623913288116457,"orthographic":false}