{"cameraMode":{"drawMode":0,"name":"Shaded","section":"Shading Mode"},"sceneLighting":false,"audioPlay":false,"sceneViewState":{"m_AlwaysRefresh":false,"showFog":true,"showSkybox":false,"showFlares":true,"showImageEffects":true,"showParticleSystems":true,"showVisualEffectGraphs":true,"m_FxEnabled":true},"in2DMode":false,"pivot":{"x":0.37697261571884158,"y":2.3749966621398927,"z":-2.148824453353882},"rotation":{"x":0.2905656397342682,"y":-0.20152665674686433,"z":0.06279347836971283,"w":0.9333765506744385},"size":0.23989152908325196,"orthographic":false}