{"cameraMode":{"drawMode":0,"name":"Shaded","section":"Shading Mode"},"sceneLighting":false,"audioPlay":false,"sceneViewState":{"m_AlwaysRefresh":false,"showFog":true,"showSkybox":false,"showFlares":true,"showImageEffects":true,"showParticleSystems":true,"showVisualEffectGraphs":true,"m_FxEnabled":true},"in2DMode":false,"pivot":{"x":0.047500014305114749,"y":0.8320000171661377,"z":-5.960464477539063e-8},"rotation":{"x":-0.22039005160331727,"y":0.029810823500156404,"z":-0.006776574533432722,"w":-0.9749914407730103},"size":0.5111069083213806,"orthographic":false}