{"cameraMode":{"drawMode":0,"name":"Shaded","section":"Shading Mode"},"sceneLighting":false,"audioPlay":false,"sceneViewState":{"m_AlwaysRefresh":false,"showFog":true,"showSkybox":false,"showFlares":true,"showImageEffects":true,"showParticleSystems":true,"showVisualEffectGraphs":true,"m_FxEnabled":true},"in2DMode":false,"pivot":{"x":-0.5565454959869385,"y":-2.2684168815612795,"z":0.31727972626686098},"rotation":{"x":0.6167157292366028,"y":0.17636695504188538,"z":-0.14427301287651063,"w":0.7536272406578064},"size":3.961902618408203,"orthographic":false}